epoch,accuracy,loss,val_accuracy,val_loss
0,0.643691,1.046724883590758,0.7070121765136719,0.5958346724510193
