epoch,accuracy,loss,val_accuracy,val_loss
0,0.63890857,1.0508009032085124,0.7362805008888245,0.5922856330871582
